well,n,cut,ps_frac,md_total,md_post,n_pred
000d7d20,5278,1442,0.27320954907161804,5277.0,3836.0,3836
00bbac68,7559,1545,0.20439211535917448,7558.0,6014.0,6014
00e12e8b,6384,2083,0.32628446115288223,6383.0,4301.0,4301
015fe0d2,5950,1654,0.2779831932773109,5949.0,4296.0,4296
01869cd4,6850,1293,0.18875912408759124,6849.0,5557.0,5557
01982c1d,5587,1646,0.29461249328799,5586.0,3941.0,3941
028d7b28,7761,1527,0.19675299574797062,7760.0,6234.0,6234
02e7fe5a,6888,1780,0.2584204413472706,6887.0,5108.0,5108
0390d174,6101,1690,0.27700376987379116,6100.0,4411.0,4411
03a935ae,4430,1644,0.3711060948081264,4429.0,2786.0,2786
044af7d1,6067,1548,0.2551508158892369,6066.0,4519.0,4519
0498acab,6432,1634,0.25404228855721395,6431.0,4798.0,4798
052d64df,4590,2145,0.4673202614379085,4589.0,2445.0,2445
05948241,5428,1549,0.28537214443625647,5427.0,3879.0,3879
059c8f24,7998,1740,0.2175543885971493,7997.0,6258.0,6258
05a0ee4d,6098,1750,0.2869793374877009,6097.0,4348.0,4348
060ab2b8,7818,1560,0.1995395241749808,7817.0,6258.0,6258
06df5958,5039,1530,0.3036316729509823,5038.0,3509.0,3509
071d7b45,4720,1509,0.3197033898305085,4719.0,3211.0,3211
0849b4e2,7436,1899,0.2553792361484669,7435.0,5537.0,5537
084d66f9,5632,1747,0.31019176136363635,5631.0,3885.0,3885
08fecf00,7405,1831,0.24726536124240378,7404.0,5574.0,5574
09053135,7715,1808,0.23434867141931304,7714.0,5907.0,5907
09441b8d,7395,1907,0.2578769438810007,7394.0,5488.0,5488
0955cd6c,7125,1930,0.27087719298245616,7124.0,5195.0,5195
09ec2ca9,7824,1939,0.24782719836400818,7823.0,5885.0,5885
0a57a29c,7194,1373,0.19085348901862664,7193.0,5821.0,5821
0bbf5e67,6031,1733,0.2873486983916432,6030.0,4298.0,4298
0be01c24,6385,1647,0.25794831636648397,6384.0,4738.0,4738
0c1b160c,6714,1660,0.247244563598451,6713.0,5054.0,5054
0d99f8e4,7522,1699,0.2258707790481255,7521.0,5823.0,5823
0dc5e64d,6191,1312,0.2119205298013245,6190.0,4879.0,4879
0dc835f3,5279,851,0.1612047736313696,5278.0,4428.0,4428
0dd99dc5,9182,1840,0.20039207144412982,9181.0,7342.0,7342
0e5e560d,4896,1643,0.3355800653594771,4895.0,3253.0,3253
109d9d70,5851,1636,0.2796103230217057,5850.0,4215.0,4215
10a1281a,7353,1744,0.23718210254317965,7352.0,5609.0,5609
10b89021,7166,1752,0.24448785933575215,7165.0,5414.0,5414
10be2420,5203,1932,0.3713242360176821,5202.0,3271.0,3271
113011eb,4561,1289,0.28261346196009646,4560.0,3272.0,3272
1131525f,5548,1389,0.2503604902667628,5547.0,4159.0,4159
11d0f5ac,6378,1495,0.23439949827532142,6377.0,4883.0,4883
12203f2a,4991,1730,0.34662392306151074,4990.0,3261.0,3261
122bd617,6408,1838,0.2868289637952559,6407.0,4570.0,4570
125be846,8033,1523,0.18959292916718537,8032.0,6510.0,6510
1285a37b,7403,1806,0.24395515331622314,7402.0,5597.0,5597
1295a25b,7037,1486,0.21116953247122353,7036.0,5551.0,5551
12f0cd90,7431,1484,0.19970394294173058,7430.0,5947.0,5947
137d1e44,6313,1759,0.27863139553302707,6312.0,4554.0,4554
13ce113d,4875,1909,0.3915897435897436,4874.0,2966.0,2966
13f598d9,8934,1628,0.18222520707409895,8933.0,7306.0,7306
14a53cb3,8780,1861,0.21195899772209567,8779.0,6919.0,6919
14ab73fb,5279,1630,0.30877060049251753,5278.0,3649.0,3649
14ad5efb,7352,1510,0.20538628944504897,7351.0,5842.0,5842
14fee784,6406,1496,0.23353106462691228,6405.0,4910.0,4910
153552f5,6498,1803,0.2774699907663897,6497.0,4695.0,4695
1550491d,5929,1366,0.2303929836397369,5928.0,4563.0,4563
155887bb,7062,1477,0.2091475502690456,7061.0,5585.0,5585
1590af81,5231,1432,0.2737526285605047,5230.0,3799.0,3799
15e154a1,7699,1631,0.21184569424600597,7698.0,6068.0,6068
1619e2ca,6002,1559,0.25974675108297235,6001.0,4443.0,4443
16e4a047,5684,1553,0.2732230823363828,5683.0,4131.0,4131
173ed841,6530,1647,0.2522205206738132,6529.0,4883.0,4883
1770d7c6,9121,1881,0.20622738734787852,9120.0,7240.0,7240
177622d7,4699,1545,0.3287933602894233,4698.0,3154.0,3154
18d24f7b,6260,1702,0.2718849840255591,6259.0,4558.0,4558
19137a89,7958,1691,0.2124905755214878,7957.0,6267.0,6267
1944513c,6599,1877,0.2844370359145325,6598.0,4722.0,4722
197f8a5a,8248,1938,0.23496605237633367,8247.0,6310.0,6310
19871e7f,7152,1859,0.25992729306487694,7151.0,5293.0,5293
198a5607,8094,1843,0.22769953051643194,8093.0,6251.0,6251
19fb4f7b,7923,2303,0.2906727249779124,7922.0,5620.0,5620
1a518997,6544,1938,0.29614914425427874,6543.0,4606.0,4606
1a68190b,6502,2028,0.31190402952937557,6501.0,4474.0,4474
1a730ac2,6049,1444,0.23871714332947594,6048.0,4605.0,4605
1aaf1da0,6321,1517,0.2399936718873596,6320.0,4804.0,4804
1b08ed48,7175,1557,0.2170034843205575,7174.0,5618.0,5618
1b1c5372,5792,1531,0.2643301104972376,5791.0,4261.0,4261
1b1eba53,6710,2055,0.30625931445603577,6709.0,4655.0,4655
1b6ba517,8611,2014,0.2338868888630821,8610.0,6597.0,6597
1b82b665,5364,1558,0.290454884414616,5363.0,3806.0,3806
1bcb2fcf,6202,1678,0.2705578845533699,6201.0,4524.0,4524
1beca81d,6650,1614,0.24270676691729323,6649.0,5036.0,5036
1d3fbf02,4252,1558,0.36641580432737536,4251.0,2694.0,2694
1d78281a,6810,1861,0.27327459618208516,6809.0,4949.0,4949
1e30dedf,5474,1403,0.25630252100840334,5473.0,4071.0,4071
1e5e3573,7126,1646,0.23098512489475162,7125.0,5480.0,5480
1f9afacb,7054,1726,0.24468386730932803,7053.0,5328.0,5328
1fdbba44,6333,1422,0.2245381335859782,6332.0,4911.0,4911
1fee2b62,6323,1682,0.26601296852759765,6322.0,4641.0,4641
20096916,6880,1747,0.25392441860465115,6879.0,5133.0,5133
200d233d,5896,1970,0.3341248303934871,5895.0,3926.0,3926
201661b5,8136,2181,0.26806784660766964,8135.0,5955.0,5955
203721ab,7235,1505,0.20801658604008294,7234.0,5730.0,5730
20402d71,7930,1558,0.19646910466582598,7929.0,6372.0,6372
2043abc5,8513,1555,0.1826618113473511,8512.0,6958.0,6958
204cc64b,6454,1649,0.25550046482801364,6453.0,4805.0,4805
206b6193,8568,2033,0.2372782446311858,8567.0,6535.0,6535
2075c696,5580,2392,0.42867383512544804,5579.0,3188.0,3188
22c5f93f,6919,1747,0.252493134846076,6918.0,5172.0,5172
230eaaa3,6451,1761,0.2729809331886529,6450.0,4690.0,4690
2364716c,6093,1777,0.29164615132118826,6092.0,4316.0,4316
23b9beb0,8790,1450,0.16496018202502843,8789.0,7340.0,7340
24d8997e,5188,1746,0.33654587509637623,5187.0,3442.0,3442
25050f63,7155,1031,0.14409503843466107,7154.0,6124.0,6124
25939962,6071,1752,0.2885850765936419,6070.0,4319.0,4319
25fd32b3,4546,1661,0.3653761548614166,4545.0,2885.0,2885
261785ee,5512,1866,0.33853410740203194,5511.0,3646.0,3646
264feceb,7408,1743,0.23528617710583152,7407.0,5665.0,5665
26623a50,7479,1744,0.23318625484690467,7478.0,5735.0,5735
26d3a96a,6465,1744,0.2697602474864656,6464.0,4721.0,4721
272abef3,5682,1547,0.2722632875747976,5681.0,4135.0,4135
27300fd5,7386,1919,0.25981586785810995,7385.0,5467.0,5467
276b012a,6291,1454,0.2311238276903513,6290.0,4837.0,4837
27c3155b,6941,1983,0.2856937040772223,6940.0,4958.0,4958
27ebb9b9,7651,1885,0.24637302313423082,7650.0,5766.0,5766
283269ac,4567,1941,0.42500547405298883,4566.0,2626.0,2626
28473855,6620,2330,0.35196374622356497,6619.0,4290.0,4290
28f4eda9,6824,1558,0.2283118405627198,6823.0,5266.0,5266
29b24409,7417,1830,0.24673048402318998,7416.0,5587.0,5587
29de15c8,5164,1733,0.3355925639039504,5163.0,3431.0,3431
2ab29395,3325,1473,0.44300751879699246,3324.0,1852.0,1852
2ac7cb6b,6451,1461,0.22647651526895055,6450.0,4990.0,4990
2acc78d4,6109,1843,0.3016860369945981,6108.0,4266.0,4266
2b034622,6761,1558,0.23043928412956663,6760.0,5203.0,5203
2b06ad65,5706,1450,0.2541184717840869,5705.0,4256.0,4256
2b547943,5131,1651,0.321769635548626,5130.0,3480.0,3480
2be5c96a,5753,1543,0.26820789153485136,5752.0,4210.0,4210
2bff06cf,9174,1550,0.16895574449531284,9173.0,7624.0,7624
2c0c4a4e,6719,1929,0.28709629409138265,6718.0,4790.0,4790
2cee0cba,7335,1835,0.2501704158145876,7334.0,5500.0,5500
2d0c268a,6289,1739,0.2765145492129114,6288.0,4550.0,4550
2d179ded,9225,2217,0.24032520325203252,9224.0,7008.0,7008
2d196986,8316,1842,0.2215007215007215,8315.0,6474.0,6474
2d2d0c6b,6967,1922,0.2758719678484283,6966.0,5045.0,5045
2d35f86d,6628,1732,0.2613156306578153,6627.0,4896.0,4896
2d9f6cb9,8627,1289,0.1494146284919439,8626.0,7338.0,7338
2ddad940,6812,1481,0.21741045214327656,6811.0,5331.0,5331
2e29e833,7254,1826,0.25172318720705816,7253.0,5428.0,5428
2e43c2ea,7349,1651,0.22465641583888965,7348.0,5698.0,5698
2e63d9de,6505,1806,0.2776325903151422,6504.0,4699.0,4699
2ee0235b,7256,1700,0.2342888643880926,7255.0,5556.0,5556
2f19d536,4744,1656,0.3490725126475548,4743.0,3088.0,3088
2f8e53c3,4133,1539,0.3723687394144689,4132.0,2594.0,2594
2fa01aa6,3860,1686,0.4367875647668394,3859.0,2174.0,2174
2fd68f7b,6381,1651,0.258736875097947,6380.0,4730.0,4730
2fe023be,6060,1839,0.30346534653465346,6059.0,4221.0,4221
30d75030,5009,1605,0.3204232381712917,5008.0,3404.0,3404
310c71a5,6988,1743,0.24942759015455065,6987.0,5245.0,5245
32fe84c9,8163,1755,0.21499448732083792,8162.0,6408.0,6408
33c40295,5989,1820,0.30389046585406576,5988.0,4169.0,4169
3407f5bf,5309,1671,0.3147485402147297,5308.0,3638.0,3638
3417285d,7458,2009,0.2693751676052561,7457.0,5449.0,5449
347242c8,5437,1842,0.3387897737723009,5436.0,3595.0,3595
353e5502,7901,1839,0.23275534742437667,7900.0,6062.0,6062
357c12f9,5770,1691,0.2930675909878683,5769.0,4079.0,4079
3584a6eb,6150,1656,0.26926829268292685,6149.0,4494.0,4494
35b30c7f,11270,1691,0.15004436557231587,11269.0,9579.0,9579
35b3ef6a,5736,1832,0.3193863319386332,5735.0,3904.0,3904
367456ce,7312,1743,0.23837527352297594,7311.0,5569.0,5569
368131f9,6568,1577,0.2401035322777101,6567.0,4991.0,4991
368fe682,6416,1480,0.23067331670822944,6415.0,4936.0,4936
3690a146,5761,1688,0.29300468668633917,5760.0,4073.0,4073
37344c2a,6943,1746,0.25147630707187096,6942.0,5197.0,5197
373ef48b,4992,1483,0.29707532051282054,4991.0,3509.0,3509
374be387,11802,1837,0.15565158447720726,11801.0,9965.0,9965
37d36812,6017,1650,0.2742230347349177,6016.0,4367.0,4367
38991fd4,6545,1747,0.2669213139801375,6544.0,4798.0,4798
389ae58f,8201,1738,0.21192537495427388,8200.0,6463.0,6463
3932faa6,7388,1936,0.26204656199242016,7387.0,5452.0,5452
398dce4b,5005,1839,0.3674325674325674,5004.0,3166.0,3166
39b51819,6382,2151,0.3370416797242244,6381.0,4231.0,4231
3a0af893,4580,1653,0.3609170305676856,4579.0,2927.0,2927
3a223519,6581,1998,0.30360127640176265,6580.0,4583.0,4583
3a7dd95d,4320,1248,0.28888888888888886,4319.0,3072.0,3072
3a824aa7,5678,1477,0.2601268052131032,5677.0,4201.0,4201
3a86fe8d,6572,1454,0.2212416311625076,6571.0,5118.0,5118
3aaa2b30,6396,1685,0.26344590368980614,6395.0,4711.0,4711
3ac16ad0,7412,1763,0.2378575283324339,7411.0,5649.0,5649
3b21ea64,9103,1727,0.18971767549159618,9102.0,7376.0,7376
3bbe1f5d,8184,1266,0.15469208211143695,8183.0,6918.0,6918
3bfee975,5088,1485,0.2918632075471698,5087.0,3603.0,3603
3c3dbcbc,6911,1842,0.2665316162639271,6910.0,5069.0,5069
3d96d897,7147,1488,0.20819924443822582,7146.0,5659.0,5659
3df4b19e,6658,1670,0.25082607389606487,6657.0,4988.0,4988
3e011332,4842,2119,0.43762907889301944,4841.0,2723.0,2723
3e678ea7,8737,1879,0.21506237839075198,8736.0,6858.0,6858
3ef6372a,6666,1939,0.29087908790879086,6665.0,4727.0,4727
3ef98781,5343,1451,0.27157027886954893,5342.0,3892.0,3892
3f603129,6599,1548,0.23458099712077587,6598.0,5051.0,5051
404c4384,2612,1701,0.6512251148545176,2611.0,911.0,911
4121c517,5471,1748,0.31950283312008776,5470.0,3723.0,3723
41fb0192,4381,1408,0.3213878110020543,4380.0,2973.0,2973
42669188,6080,1798,0.2957236842105263,6079.0,4282.0,4282
42c538a1,4762,1483,0.3114237715245695,4761.0,3279.0,3279
43b06c70,6590,1744,0.2646433990895296,6589.0,4846.0,4846
43c7f85a,7484,1506,0.20122928915018706,7483.0,5978.0,5978
43e16325,5845,2125,0.3635585970915312,5844.0,3720.0,3720
44441e54,5568,1211,0.21749281609195403,5567.0,4357.0,4357
445af6c2,7998,1957,0.24468617154288572,7997.0,6041.0,6041
4463446c,4729,1473,0.31148234299006133,4728.0,3256.0,3256
44a94013,6492,1589,0.24476278496611215,6491.0,4903.0,4903
45fb3e21,5626,1977,0.3514041948098116,5625.0,3649.0,3649
460f859e,4982,1646,0.33038940184664795,4981.0,3336.0,3336
4630ab92,5307,1934,0.36442434520444694,5306.0,3373.0,3373
463c38f2,6048,1588,0.26256613756613756,6047.0,4460.0,4460
4654e7de,7010,1637,0.23352353780313836,7009.0,5373.0,5373
466fc788,7767,1570,0.20213724732844085,7766.0,6197.0,6197
46a301e9,9962,1736,0.17426219634611523,9961.0,8226.0,8226
46a7190b,5646,1431,0.2534537725823592,5645.0,4215.0,4215
46d24a09,6123,1674,0.27339539441450267,6122.0,4449.0,4449
46d41ff6,9226,1325,0.14361586819856925,9225.0,7901.0,7901
46dfcfca,4921,1315,0.2672221093273725,4920.0,3606.0,3606
47222616,5835,1429,0.24490145672664954,5834.0,4406.0,4406
47ee27ab,8274,1877,0.22685520908871162,8273.0,6397.0,6397
481de5fc,7694,1742,0.2264101897582532,7693.0,5952.0,5952
48c1f673,4666,1749,0.37483926275182167,4665.0,2917.0,2917
4936af16,5559,1568,0.282065119625832,5558.0,3991.0,3991
493b5b31,6884,2213,0.3214700755374782,6883.0,4671.0,4671
49dbc14c,5198,1326,0.2550981146594844,5197.0,3872.0,3872
4a035ec2,4522,1934,0.42768686421937196,4521.0,2588.0,2588
4a335117,6727,1712,0.25449680392448343,6726.0,5015.0,5015
4a8ecc0b,7374,1565,0.21223216707350148,7373.0,5809.0,5809
4b462989,4738,1632,0.344449134655973,4737.0,3106.0,3106
4b831d20,9433,2121,0.22484893459132832,9432.0,7312.0,7312
4c2208f5,7248,1864,0.2571743929359823,7247.0,5384.0,5384
4c3168cf,5959,1625,0.2726967612015439,5958.0,4334.0,4334
4c3df468,6903,1511,0.21889033753440534,6902.0,5392.0,5392
4caa7289,6854,1458,0.21272249781149694,6853.0,5396.0,5396
4cd1ac61,6709,2220,0.3308987926665673,6708.0,4489.0,4489
4cecf7b3,7676,1657,0.2158676393955185,7675.0,6019.0,6019
4ddde4c1,6417,1945,0.30310113760324137,6416.0,4472.0,4472
4e050c92,5236,1531,0.29239877769289535,5235.0,3705.0,3705
4ed93db6,6496,1839,0.2830972906403941,6495.0,4657.0,4657
4f3eb9e9,5911,1214,0.20537980037218745,5910.0,4697.0,4697
4f4ac5ce,6899,1737,0.2517756196550225,6898.0,5162.0,5162
4f4afcc6,7184,1539,0.2142260579064588,7183.0,5645.0,5645
4f69febf,7599,2139,0.28148440584287404,7598.0,5460.0,5460
4fbe9c06,7938,1651,0.20798689846308893,7937.0,6287.0,6287
504c8b08,8012,1645,0.20531702446330505,8011.0,6367.0,6367
511e1db0,5645,1824,0.3231178033658105,5644.0,3821.0,3821
512943b2,6681,1652,0.24726837299805418,6680.0,5029.0,5029
5138a660,4829,1270,0.2629944087802858,4828.0,3559.0,3559
516088b7,8300,1655,0.19939759036144578,8299.0,6645.0,6645
521a7819,7224,2024,0.28017718715393136,7223.0,5200.0,5200
5254b6db,5115,1841,0.35992179863147605,5114.0,3274.0,3274
529e88ca,5253,1836,0.34951456310679613,5252.0,3417.0,3417
52f1e77a,6053,1611,0.2661490170163555,6052.0,4442.0,4442
5305524b,6457,1559,0.2414433947653709,6456.0,4898.0,4898
53134831,7214,2088,0.2894372054338786,7213.0,5126.0,5126
5397ceb1,6811,1556,0.22845397151666422,6810.0,5255.0,5255
53f23031,10200,1650,0.16176470588235295,10199.0,8550.0,8550
543198e8,8311,1808,0.21754301528095296,8310.0,6503.0,6503
54753541,5679,1653,0.2910723718964606,5678.0,4026.0,4026
54a7e3c2,7893,1738,0.22019510959077665,7892.0,6155.0,6155
5542c301,5433,1842,0.3390392048591938,5432.0,3591.0,3591
5567d551,8390,1501,0.17890345649582837,8389.0,6889.0,6889
55efee7f,6577,1776,0.27003192945111754,6576.0,4801.0,4801
5663b2b7,6907,1935,0.2801505718835964,6906.0,4972.0,4972
5693dde2,4846,1358,0.2802311184482047,4845.0,3488.0,3488
56b00794,7293,1228,0.16838063896887426,7292.0,6065.0,6065
57796579,7622,1732,0.22723694568354763,7621.0,5890.0,5890
577eec7c,6085,1546,0.2540673788003287,6084.0,4539.0,4539
57f05c51,6478,1707,0.26350725532571784,6477.0,4771.0,4771
58850d2c,6918,1923,0.2779705117085863,6917.0,4995.0,4995
58fa8486,6126,1651,0.2695070192621613,6125.0,4475.0,4475
591cc951,6669,2060,0.30889188783925625,6668.0,4609.0,4609
593876b6,6366,1524,0.23939679547596607,6365.0,4842.0,4842
59f8b2e8,5668,1921,0.33892025405786874,5667.0,3747.0,3747
5a1a8fd8,6814,1554,0.22805987672439096,6813.0,5260.0,5260
5a5269a9,8053,1540,0.1912330808394387,8052.0,6513.0,6513
5a5d1982,5446,1552,0.28497980168931325,5445.0,3894.0,3894
5a63b5d1,8052,1835,0.22789369100844512,8051.0,6217.0,6217
5aa03df7,6752,1881,0.27858412322274884,6751.0,4871.0,4871
5aa403d0,4702,1584,0.3368779242875372,4701.0,3118.0,3118
5aef5c6c,4853,1732,0.3568926437255306,4852.0,3121.0,3121
5b7b6324,8197,1633,0.19921922654629742,8196.0,6564.0,6564
5bd25f59,6120,1910,0.31209150326797386,6119.0,4210.0,4210
5beded95,4779,1722,0.3603264281230383,4778.0,3057.0,3057
5cb483ac,5206,1354,0.26008451786400305,5205.0,3852.0,3852
5cdd8dbc,5751,1741,0.3027299600069553,5750.0,4010.0,4010
5d11dfb5,7643,1748,0.22870600549522438,7642.0,5895.0,5895
5d7198fd,4797,1429,0.2978945174067125,4796.0,3368.0,3368
5def1ce5,7997,1554,0.19432287107665375,7996.0,6443.0,6443
5eae34a8,6652,1748,0.2627781118460613,6651.0,4904.0,4904
5f4d2a52,7112,1887,0.26532620922384703,7111.0,5225.0,5225
5f6756c5,8064,2133,0.26450892857142855,8063.0,5931.0,5931
5f75f796,7324,1762,0.2405789186237029,7323.0,5562.0,5562
5fb1c15f,4857,1997,0.41115915173975703,4856.0,2860.0,2860
5fffa282,6223,2022,0.3249236702555038,6222.0,4201.0,4201
60e37807,4641,1942,0.418444300797242,4640.0,2699.0,2699
61f27424,8341,2121,0.2542860568277185,8340.0,6220.0,6220
62569ae3,5242,1654,0.3155284242655475,5241.0,3588.0,3588
62a6f539,5253,1560,0.29697315819531694,5252.0,3693.0,3693
633774dc,7972,1739,0.21813848469643754,7971.0,6233.0,6233
63559d57,5810,1741,0.29965576592082616,5809.0,4069.0,4069
647f2a41,5836,1955,0.3349897189856066,5835.0,3881.0,3881
65156b96,5046,1825,0.36167261196987716,5045.0,3221.0,3221
653612bc,5946,1341,0.2255297679112008,5945.0,4605.0,4605
656a067b,4896,1845,0.37683823529411764,4895.0,3051.0,3051
65a5466a,6117,1434,0.23442864149092693,6116.0,4683.0,4683
660d9546,6140,1408,0.2293159609120521,6139.0,4732.0,4732
6767c111,8354,1571,0.18805362700502753,8353.0,6783.0,6783
67847288,9174,1745,0.19021146718988446,9173.0,7429.0,7429
67a8da4a,6645,1734,0.26094808126410834,6644.0,4911.0,4911
684a6fc1,11449,1631,0.14245785658136081,11448.0,9818.0,9818
698930d1,6498,1757,0.27039088950446294,6497.0,4741.0,4741
699ea575,5474,1354,0.24735111435878698,5473.0,4120.0,4120
69c1bdad,4645,1931,0.4157158234660926,4644.0,2714.0,2714
69e41fa6,7167,1395,0.19464210966931772,7166.0,5772.0,5772
6a0ff78e,7890,1425,0.1806083650190114,7889.0,6465.0,6465
6a8fa194,4657,1640,0.3521580416577196,4656.0,3017.0,3017
6ae68655,5948,1744,0.29320780094149296,5947.0,4204.0,4204
6d1d74e1,7316,1486,0.2031164570803718,7315.0,5830.0,5830
6d590e26,7842,1746,0.22264728385615914,7841.0,6096.0,6096
6d6d93af,5305,1710,0.3223374175306315,5304.0,3595.0,3595
6dbe4b60,6673,2025,0.30346171137419453,6672.0,4648.0,4648
6e6d122c,7083,1451,0.204856699138783,7082.0,5632.0,5632
6e9ccd38,9619,1337,0.1389957376026614,9618.0,8282.0,8282
6ea22614,7894,1923,0.24360273625538384,7893.0,5971.0,5971
6ede926a,6621,1683,0.25419120978704124,6620.0,4938.0,4938
708caea9,8482,1934,0.22801226125913698,8481.0,6548.0,6548
70925e23,8072,2125,0.26325569871159565,8071.0,5947.0,5947
70e1788b,11338,2053,0.18107249955900512,11337.0,9285.0,9285
71642c7d,6657,2009,0.3017875920084122,6656.0,4648.0,4648
71ccf778,4623,1925,0.4163962794722042,4622.0,2698.0,2698
7224331b,7566,1503,0.1986518636003172,7565.0,6063.0,6063
722cf0d8,7275,2132,0.29305841924398623,7274.0,5143.0,5143
7256229b,6972,1557,0.22332185886402753,6971.0,5415.0,5415
726f3dc2,8619,1896,0.2199791159067177,8618.0,6723.0,6723
7271dd80,5765,1425,0.2471812662619254,5764.0,4340.0,4340
727a3a10,6342,1945,0.30668558814254177,6341.0,4397.0,4397
729665c0,5775,1512,0.26181818181818184,5774.0,4263.0,4263
729e9750,7427,1508,0.20304295139356401,7426.0,5919.0,5919
729f4217,7592,1397,0.18400948366701791,7591.0,6195.0,6195
72dd8501,6928,1735,0.250433025404157,6927.0,5193.0,5193
73348914,5686,1465,0.2576503693281745,5685.0,4221.0,4221
739a914f,7319,1814,0.24784806667577539,7318.0,5505.0,5505
73b1447d,7522,1852,0.24621111406540813,7521.0,5670.0,5670
74b6186b,5148,1743,0.3385780885780886,5147.0,3405.0,3405
75c20ec7,7205,1844,0.25593337959750173,7204.0,5361.0,5361
75cd5f11,6410,1464,0.22839313572542902,6409.0,4946.0,4946
75d20a82,7002,1935,0.2763496143958869,7001.0,5067.0,5067
76201745,5858,1410,0.2406964834414476,5857.0,4448.0,4448
764072a5,4594,1645,0.35807575097953853,4593.0,2949.0,2949
77b0d905,5923,1749,0.2952895492149249,5922.0,4174.0,4174
77e4821c,6540,1147,0.1753822629969419,6539.0,5393.0,5393
7850c72e,7712,2215,0.2872147302904564,7711.0,5497.0,5497
78a4a386,6246,1127,0.18043547870637208,6245.0,5119.0,5119
79507629,7320,2018,0.2756830601092896,7319.0,5302.0,5302
796dbd4c,8069,1821,0.2256785227413558,8068.0,6248.0,6248
7987f2f2,5714,2009,0.35159257962898144,5713.0,3705.0,3705
7993a768,7047,1560,0.22137079608343976,7046.0,5487.0,5487
7a5660b0,6936,1938,0.27941176470588236,6935.0,4998.0,4998
7acda2df,4552,1461,0.32095782073813706,4551.0,3091.0,3091
7b2c7b3c,4231,1647,0.38926967619948005,4230.0,2584.0,2584
7b38844c,5197,1448,0.27862228208581874,5196.0,3749.0,3749
7bb17b96,5295,1373,0.25930122757318225,5294.0,3922.0,3922
7c607683,7001,1673,0.23896586201971148,7000.0,5328.0,5328
7cbbd047,6790,1669,0.24580265095729012,6789.0,5121.0,5121
7cd4bb31,7959,1520,0.19097876617665535,7958.0,6439.0,6439
7d50373e,6494,1372,0.21127194333230676,6493.0,5122.0,5122
7d57c75d,6147,1742,0.28339027167724096,6146.0,4405.0,4405
7e208414,5732,1506,0.26273551988834615,5731.0,4226.0,4226
7e721392,8301,2127,0.2562341886519696,8300.0,6174.0,6174
7ff89f8f,9539,2202,0.23084180731732887,9538.0,7337.0,7337
8050c789,4940,1863,0.3771255060728745,4939.0,3077.0,3077
807f0298,5499,1752,0.31860338243316966,5498.0,3747.0,3747
811f52b3,6674,1838,0.2753970632304465,6673.0,4836.0,4836
81bf5923,6386,1843,0.2886000626370185,6385.0,4543.0,4543
81fc01c6,7655,1746,0.22808621815806662,7654.0,5909.0,5909
8255c867,5338,1749,0.32765080554514797,5337.0,3589.0,3589
82aab6d2,7889,1749,0.22170110280136898,7888.0,6140.0,6140
82fcf37c,7397,1383,0.18696768960389348,7396.0,6014.0,6014
833af382,5377,1749,0.3252743165333829,5376.0,3628.0,3628
8382f4b6,6680,1713,0.25643712574850297,6679.0,4967.0,4967
84633df4,6719,1747,0.2600089299002828,6718.0,4972.0,4972
8478df29,6698,1841,0.27485816661690055,6697.0,4857.0,4857
84815d5a,5286,1639,0.3100643208475218,5285.0,3647.0,3647
84c3b497,6887,1575,0.22869173805720924,6886.0,5312.0,5312
85380836,8175,1557,0.19045871559633026,8174.0,6618.0,6618
8612b37f,6807,1642,0.2412222711914206,6806.0,5165.0,5165
861e71df,6284,1584,0.25206874602164225,6283.0,4700.0,4700
86454a6f,9100,1136,0.12483516483516484,9099.0,7964.0,7964
8648abae,6086,1842,0.3026618468616497,6085.0,4244.0,4244
865033f8,5303,1746,0.32924759570054685,5302.0,3557.0,3557
87695469,8654,1651,0.19077883059856712,8653.0,7003.0,7003
877ed19c,5631,1923,0.34150239744272776,5630.0,3708.0,3708
87aa3730,7293,1686,0.2311805841217606,7292.0,5607.0,5607
884ecb5f,8054,1330,0.16513533647876832,8053.0,6724.0,6724
8902c3f6,6533,1574,0.24093065972753713,6532.0,4959.0,4959
896d15b9,5698,1419,0.24903474903474904,5697.0,4279.0,4279
8995c945,8198,1474,0.1797999512076116,8197.0,6724.0,6724
89969c7a,6317,1370,0.21687509893936996,6316.0,4947.0,4947
89f1085d,7497,1503,0.20048019207683074,7496.0,5994.0,5994
89f36adf,7041,1749,0.2484022155943758,7040.0,5292.0,5292
89fdb2f2,3570,1539,0.43109243697478994,3569.0,2031.0,2031
8a3da6d1,6334,1741,0.2748658035996211,6333.0,4593.0,4593
8a89da23,5575,1640,0.29417040358744395,5574.0,3935.0,3935
8a9c8932,6344,1681,0.2649747793190416,6343.0,4663.0,4663
8ac2f237,6775,1456,0.21490774907749077,6774.0,5319.0,5319
8b12bab6,6980,1746,0.2501432664756447,6979.0,5234.0,5234
8b5be31b,7439,1767,0.2375319263341847,7438.0,5672.0,5672
8b95d6d1,2783,1052,0.3780093424362199,2782.0,1731.0,1731
8b9d8326,7832,1669,0.21310010214504596,7831.0,6163.0,6163
8bb9c1e6,6382,1836,0.2876841115637731,6381.0,4546.0,4546
8bda1a11,7438,1457,0.19588599085775746,7437.0,5981.0,5981
8bfa881d,5843,1754,0.30018825945575905,5842.0,4089.0,4089
8c167025,7113,1745,0.24532546042457473,7112.0,5368.0,5368
8c8348e8,5581,1693,0.30335065400465866,5580.0,3888.0,3888
8cc21f01,5806,1762,0.30347915949018256,5805.0,4044.0,4044
8cc800b3,8091,1515,0.18724508713385243,8090.0,6576.0,6576
8d5d46d7,7282,1527,0.20969513869815984,7281.0,5755.0,5755
8d92cb49,4839,1250,0.25831783426327753,4838.0,3589.0,3589
8f201368,8151,1802,0.2210771684455895,8150.0,6349.0,6349
90386ee4,5304,1464,0.27601809954751133,5303.0,3840.0,3840
91abc4c7,7787,1939,0.24900475150892512,7786.0,5848.0,5848
91b301ce,8512,1942,0.22814849624060152,8511.0,6570.0,6570
91db7070,5646,1573,0.2786043216436415,5645.0,4073.0,4073
925a7cd1,6501,1984,0.3051838178741732,6500.0,4517.0,4517
9283ae69,5118,1747,0.34134427510746385,5117.0,3371.0,3371
9298ad5b,5807,1843,0.31737558119510934,5806.0,3964.0,3964
9314ff13,4494,1746,0.3885180240320427,4493.0,2748.0,2748
93209a3d,6300,1603,0.2544444444444444,6299.0,4697.0,4697
939d9c34,6627,1526,0.23027010713746793,6626.0,5101.0,5101
93f5d2e6,5171,1480,0.28621156449429513,5170.0,3691.0,3691
940a48d9,5627,1664,0.29571707837213435,5626.0,3963.0,3963
940e709a,4989,1641,0.32892363199037883,4988.0,3348.0,3348
9426ec1e,3923,1391,0.3545755799133316,3922.0,2532.0,2532
94467f50,5116,2081,0.40676309616888195,5115.0,3035.0,3035
944f36b9,6035,1405,0.2328086164043082,6034.0,4630.0,4630
94d813a4,6591,1744,0.26460324685176756,6590.0,4847.0,4847
95b559e7,4638,1751,0.37753341957740405,4637.0,2887.0,2887
95c8427f,8051,1716,0.21314122469258479,8050.0,6335.0,6335
96936c22,4997,1651,0.330398238943366,4996.0,3346.0,3346
96ae5806,11527,1688,0.14643879587056477,11526.0,9839.0,9839
96b7eea1,6078,1746,0.2872655478775913,6077.0,4332.0,4332
9719aa04,6665,1794,0.26916729182295573,6664.0,4871.0,4871
974802e7,7537,1694,0.22475786121799124,7536.0,5843.0,5843
97cd5bf9,5099,1650,0.32359286134536186,5098.0,3449.0,3449
98177ced,6789,2017,0.29709824716453087,6788.0,4772.0,4772
9896fc0b,5109,1514,0.29633979252299864,5108.0,3595.0,3595
98bc6f66,7720,1657,0.21463730569948186,7719.0,6063.0,6063
992c99e8,6740,1836,0.27240356083086054,6739.0,4904.0,4904
992ce078,4661,1782,0.38232139025960094,4660.0,2879.0,2879
99529c45,7591,1751,0.23066789619285996,7590.0,5840.0,5840
995ff498,6127,1601,0.26130243185898483,6126.0,4526.0,4526
999daf80,5439,1875,0.34473248758963043,5438.0,3564.0,3564
9a6b0392,5802,1547,0.2666321957945536,5801.0,4255.0,4255
9a8ae0d6,7835,1541,0.19668155711550733,7834.0,6294.0,6294
9a95e33f,8156,1709,0.20953898970083373,8155.0,6447.0,6447
9ab94eeb,6372,1930,0.30288763339610797,6371.0,4442.0,4442
9ad5410a,5749,1544,0.26856844668638025,5748.0,4205.0,4205
9ae248be,6655,1384,0.20796393688955672,6654.0,5271.0,5271
9af1ffd0,5454,1929,0.3536853685368537,5453.0,3525.0,3525
9b5b61c1,7215,1683,0.23326403326403328,7214.0,5532.0,5532
9b9e3b49,6875,1757,0.2555636363636364,6874.0,5118.0,5118
9bd2bba3,9092,1653,0.18180818301803783,9091.0,7439.0,7439
9c211c53,8842,1577,0.17835331372992536,8841.0,7265.0,7265
9c350a6a,7794,1742,0.2235052604567616,7793.0,6052.0,6052
9c8375f7,5432,1758,0.3236377025036819,5431.0,3674.0,3674
9d072e4c,6798,1691,0.24874963224477786,6797.0,5107.0,5107
9d3ec64c,4937,1457,0.2951184930119506,4936.0,3480.0,3480
9d4272e3,5771,1741,0.30168081788251605,5770.0,4030.0,4030
9d5e14d4,6565,1165,0.17745620715917745,6564.0,5400.0,5400
9da441ba,7283,1500,0.20595908279555128,7282.0,5783.0,5783
9dede370,8057,1760,0.21844358942534442,8056.0,6297.0,6297
9def2eb2,7750,1747,0.22541935483870967,7749.0,6003.0,6003
9df1b1f9,6444,1743,0.2704841713221601,6443.0,4701.0,4701
9dfff011,6067,1748,0.2881160375803527,6066.0,4319.0,4319
9e3e364d,5809,1519,0.26149079015321053,5808.0,4290.0,4290
9efc812e,6100,1650,0.27049180327868855,6099.0,4450.0,4450
9f0c7bae,4040,1498,0.3707920792079208,4039.0,2542.0,2542
9ffce529,6675,1463,0.21917602996254681,6674.0,5212.0,5212
a0383629,7687,1855,0.24131650839078964,7686.0,5832.0,5832
a056d01e,8292,1735,0.20923781958514232,8291.0,6557.0,6557
a08d9e63,5199,1514,0.2912098480477015,5198.0,3685.0,3685
a0b83014,6873,1838,0.2674232504001164,6872.0,5035.0,5035
a0e92ed6,6446,1549,0.24030406453614644,6445.0,4897.0,4897
a15bc102,5124,1888,0.36846213895394225,5123.0,3236.0,3236
a247e7cf,7237,1563,0.21597346966975267,7236.0,5674.0,5674
a2e8e7f6,5812,1052,0.1810048176187199,5811.0,4760.0,4760
a3518960,6992,2025,0.289616704805492,6991.0,4967.0,4967
a3f71395,7040,1497,0.21264204545454546,7039.0,5543.0,5543
a4719920,7495,1611,0.21494329553035357,7494.0,5884.0,5884
a48640d9,6586,2054,0.3118736714242332,6585.0,4532.0,4532
a4cdbb0f,6759,1555,0.23006361887853233,6758.0,5204.0,5204
a4f989c2,7024,1639,0.23334282460136674,7023.0,5385.0,5385
a5aa7973,6449,1833,0.2842301131958443,6448.0,4616.0,4616
a5e6f7dc,7331,1682,0.22943663893056881,7330.0,5649.0,5649
a612d5a0,7160,1831,0.2557262569832402,7159.0,5329.0,5329
a622ce4d,8047,1749,0.21734808002982478,8046.0,6298.0,6298
a645da9a,6766,1613,0.23839787171149868,6765.0,5153.0,5153
a692b17e,5409,1843,0.3407284156036236,5408.0,3566.0,3566
a6b8ac67,7017,1564,0.2228872737637167,7016.0,5453.0,5453
a6ed2eff,7054,1779,0.25219733484547774,7053.0,5275.0,5275
a6f967fb,7032,2362,0.3358930602957907,7031.0,4670.0,4670
a76db406,6451,1779,0.27577119826383506,6450.0,4672.0,4672
a7744f5b,6017,1640,0.2725610769486455,6016.0,4377.0,4377
a783cc24,3275,1386,0.423206106870229,3274.0,1889.0,1889
a79fd2e7,6327,1923,0.30393551446183026,6326.0,4404.0,4404
a7fc3e6b,6378,1614,0.2530573847601129,6377.0,4764.0,4764
a85bb86f,5100,2001,0.39235294117647057,5099.0,3099.0,3099
a85e4bc3,5993,1412,0.23560820957784082,5992.0,4581.0,4581
a87433c9,7460,1739,0.23310991957104557,7459.0,5721.0,5721
a8ed028a,7310,1772,0.2424076607387141,7309.0,5538.0,5538
a959858c,5770,1366,0.2367417677642981,5769.0,4404.0,4404
a9c9b150,5826,1840,0.3158256093374528,5825.0,3986.0,3986
aa95015b,5761,1461,0.2536018052421455,5760.0,4300.0,4300
aaaf3c03,4728,1731,0.36611675126903553,4727.0,2997.0,2997
aaeffccb,4586,1874,0.40863497601395554,4585.0,2712.0,2712
ab112491,7178,1993,0.27765394260239623,7177.0,5185.0,5185
ab18d3fc,7337,1643,0.22393348780155378,7336.0,5694.0,5694
ab3ced07,6008,1758,0.2926098535286285,6007.0,4250.0,4250
ab6fe95d,7424,1933,0.26037176724137934,7423.0,5491.0,5491
ab94878e,7652,1648,0.21536853110297963,7651.0,6004.0,6004
abf460d2,4763,1546,0.32458534537056477,4762.0,3217.0,3217
ac6f01d5,6729,1725,0.25635309852875615,6728.0,5004.0,5004
ad2133a8,7187,1458,0.2028662863503548,7186.0,5729.0,5729
add9c322,5519,1587,0.2875520927704294,5518.0,3932.0,3932
ae069086,6741,1971,0.2923898531375167,6740.0,4770.0,4770
ae0784a8,9171,1348,0.1469850616072402,9170.0,7823.0,7823
ae35f33a,6469,2019,0.3121038800432834,6468.0,4450.0,4450
ae8959c3,6645,2127,0.3200902934537246,6644.0,4518.0,4518
aed44918,4020,1301,0.3236318407960199,4019.0,2719.0,2719
aee6393a,7146,1281,0.17926112510495382,7145.0,5865.0,5865
af7a59ce,4330,1306,0.30161662817551965,4329.0,3024.0,3024
aff4e561,7723,1697,0.2197332642755406,7722.0,6026.0,6026
b04b58a3,5229,1827,0.3493975903614458,5228.0,3402.0,3402
b0d42b0d,6357,1386,0.21802737140160453,6356.0,4971.0,4971
b0f53bf4,4202,1447,0.3443598286530224,4201.0,2755.0,2755
b19b0395,7196,1383,0.19219010561423014,7195.0,5813.0,5813
b1efb8a4,7562,1564,0.20682359164242264,7561.0,5998.0,5998
b32902c0,5737,1929,0.33623845215269305,5736.0,3808.0,3808
b32e4903,7420,1650,0.2223719676549865,7419.0,5770.0,5770
b3388334,7807,1727,0.2212117330600743,7806.0,6080.0,6080
b37fd114,9786,1625,0.16605354588187207,9785.0,8161.0,8161
b38e3116,7954,1743,0.2191350264018104,7953.0,6211.0,6211
b4d8dd4f,5909,1650,0.2792350651548485,5908.0,4259.0,4259
b4f37e6e,4499,1507,0.33496332518337407,4498.0,2992.0,2992
b56bc0aa,7431,1829,0.24613107253397928,7430.0,5602.0,5602
b585b4fa,5999,1705,0.2842140356726121,5998.0,4294.0,4294
b5aa9634,8747,1421,0.1624556990968332,8746.0,7326.0,7326
b7974e66,7170,1612,0.22482566248256625,7169.0,5558.0,5558
b7cdcecb,7620,1452,0.19055118110236222,7619.0,6168.0,6168
b7fea9ef,5575,1709,0.30654708520179375,5574.0,3866.0,3866
b85f7b06,5453,1650,0.30258573262424354,5452.0,3803.0,3803
b881d27e,5442,1433,0.26332230797500916,5441.0,4009.0,4009
b8c49c1a,6254,1935,0.3094019827310521,6253.0,4319.0,4319
b95e7121,7492,1186,0.1583021890016017,7491.0,6306.0,6306
b977be4a,7495,1578,0.2105403602401601,7494.0,5917.0,5917
ba48188d,5534,1368,0.24719913263462234,5533.0,4166.0,4166
bb2cdd83,5665,1840,0.324801412180053,5664.0,3825.0,3825
bb337fa0,8216,1343,0.16346153846153846,8215.0,6873.0,6873
bb682ebd,5931,1792,0.3021412915191367,5930.0,4139.0,4139
bc4381e2,6885,1930,0.280319535221496,6884.0,4955.0,4955
bcebcc5f,7889,1631,0.2067435669920142,7888.0,6258.0,6258
bd2c2f34,11621,1798,0.15471990362275193,11620.0,9823.0,9823
bd4ae5da,6905,1899,0.27501810282404054,6904.0,5006.0,5006
bd6f0e19,6979,1839,0.2635048001146296,6978.0,5140.0,5140
bd8f847e,6161,1200,0.19477357571822757,6160.0,4961.0,4961
be063506,6539,2039,0.31182137941581284,6538.0,4500.0,4500
be35c8f2,5898,1672,0.28348592743302814,5897.0,4226.0,4226
be83e781,4776,1555,0.32558626465661644,4775.0,3221.0,3221
beda8696,7868,1956,0.24860193187595322,7867.0,5912.0,5912
bf39bc20,5047,1744,0.345551812958193,5046.0,3303.0,3303
bf70b410,8000,1653,0.206625,7999.0,6347.0,6347
bffe3082,7186,1463,0.20359031450041748,7185.0,5723.0,5723
c03b9305,6067,1812,0.2986649085215098,6066.0,4255.0,4255
c03d4aed,6375,1734,0.272,6374.0,4641.0,4641
c03fba65,5669,1970,0.34750396895396013,5668.0,3699.0,3699
c07fd0cd,6035,1844,0.3055509527754764,6034.0,4191.0,4191
c1708b88,7960,1645,0.20665829145728642,7959.0,6315.0,6315
c1d046f4,6917,1404,0.20297816972676017,6916.0,5513.0,5513
c2717d4f,6682,1961,0.2934750074827896,6681.0,4721.0,4721
c2c4db09,7851,1812,0.23079862437905999,7850.0,6039.0,6039
c2c6fc71,8840,1721,0.19468325791855204,8839.0,7119.0,7119
c36625df,6386,1644,0.25743814594425307,6385.0,4742.0,4742
c3957531,7254,1938,0.26716294458229944,7253.0,5316.0,5316
c42fe306,7023,1928,0.27452655560301864,7022.0,5095.0,5095
c43812e2,7293,1766,0.24215000685588922,7292.0,5527.0,5527
c472c0b5,4867,1813,0.37250873227861103,4866.0,3054.0,3054
c47e0767,6099,1743,0.28578455484505655,6098.0,4356.0,4356
c50b42f6,7920,1906,0.24065656565656565,7919.0,6014.0,6014
c593337f,7118,1910,0.26833380162967124,7117.0,5208.0,5208
c59b6c4a,7460,1961,0.2628686327077748,7459.0,5499.0,5499
c66be2b8,6207,2053,0.3307555985178025,6206.0,4154.0,4154
c6797dd7,6281,1617,0.2574430823117338,6280.0,4664.0,4664
c6b782a4,6675,1798,0.2693632958801498,6674.0,4877.0,4877
c6c96179,5813,1809,0.31119903664200926,5812.0,4004.0,4004
c70c0e01,6057,1745,0.28809641736833413,6056.0,4312.0,4312
c84c65be,10243,1747,0.17055550131797326,10242.0,8496.0,8496
c8d9680c,7741,1460,0.18860612323989148,7740.0,6281.0,6281
c908edd0,6751,1458,0.21596800474003852,6750.0,5293.0,5293
c9578d27,6202,1715,0.2765237020316027,6201.0,4487.0,4487
c96c018a,7679,1443,0.18791509311108218,7678.0,6236.0,6236
c99f9fae,8394,2033,0.242196807243269,8393.0,6361.0,6361
c9e6734f,6388,1653,0.2587664370695053,6387.0,4735.0,4735
c9e980e8,6262,1903,0.3038965186841265,6261.0,4359.0,4359
c9fedcf3,5210,1693,0.3249520153550864,5209.0,3517.0,3517
cad13e8f,6866,2018,0.2939120302942033,6865.0,4848.0,4848
cb34231f,7510,1901,0.25312916111850864,7509.0,5609.0,5609
cb879f40,7904,1589,0.20103744939271256,7903.0,6315.0,6315
cbb406b5,8135,1807,0.22212661339889367,8134.0,6328.0,6328
cbe51de1,5362,1399,0.26091010816859384,5361.0,3963.0,3963
cbe62450,7858,1600,0.20361415118350726,7857.0,6258.0,6258
cc08aa63,5018,1744,0.34754882423276207,5017.0,3274.0,3274
cc8a1d57,8321,1683,0.20225934382886673,8320.0,6638.0,6638
ccedb12b,6427,2026,0.31523261241636846,6426.0,4401.0,4401
cd7f1687,5981,1749,0.2924260157164354,5980.0,4232.0,4232
cda7eb37,7620,1647,0.21614173228346456,7619.0,5973.0,5973
cdc31d65,6608,1768,0.2675544794188862,6607.0,4840.0,4840
cdc60a53,7631,1753,0.22972087537675273,7630.0,5878.0,5878
ce55ba43,5658,1554,0.27465535524920465,5657.0,4104.0,4104
ce8399b7,3548,1933,0.5448139797068771,3547.0,1615.0,1615
cf50c9d1,6634,1776,0.26771178776002413,6633.0,4858.0,4858
d00e7eb9,7321,1617,0.22087146564676957,7320.0,5704.0,5704
d011f41b,3906,1639,0.41961085509472607,3905.0,2267.0,2267
d07aed8f,4709,1752,0.3720535145466129,4708.0,2957.0,2957
d085e611,7852,1661,0.21153846153846154,7851.0,6191.0,6191
d0a0e7b5,5423,1607,0.29633044440346673,5422.0,3816.0,3816
d0a43760,5502,1461,0.26553980370774266,5501.0,4041.0,4041
d0cb63ae,6859,1636,0.2385187345094037,6858.0,5223.0,5223
d114d9c2,7543,1337,0.17725043086305184,7542.0,6206.0,6206
d1457cc5,8443,1523,0.18038611867819496,8442.0,6920.0,6920
d1ecf309,7864,1696,0.21566632756866735,7863.0,6168.0,6168
d1ee630d,7879,1589,0.20167533951009012,7878.0,6290.0,6290
d217e0c5,5713,1875,0.3281988447400665,5712.0,3838.0,3838
d24ff243,7116,1475,0.20727937043282743,7115.0,5641.0,5641
d273674e,5738,1839,0.320494945974207,5737.0,3899.0,3899
d2f3b1ab,7018,1437,0.2047591906526076,7017.0,5581.0,5581
d3df146b,7252,1465,0.20201323772752344,7251.0,5787.0,5787
d40f61d5,5880,1841,0.3130952380952381,5879.0,4039.0,4039
d41beaf2,6592,1839,0.2789745145631068,6591.0,4753.0,4753
d463e527,6991,2224,0.3181233013874982,6990.0,4767.0,4767
d4f60a28,6435,1934,0.30054390054390057,6434.0,4501.0,4501
d50c649a,6548,1675,0.25580329871716556,6547.0,4873.0,4873
d543916f,6281,1482,0.23594968953988218,6280.0,4799.0,4799
d5df0ff5,5490,1458,0.26557377049180325,5489.0,4032.0,4032
d60430e6,4176,1665,0.39870689655172414,4175.0,2511.0,2511
d63196fe,5881,1371,0.23312361843223942,5880.0,4510.0,4510
d6c320d9,6946,1494,0.21508782032824647,6945.0,5452.0,5452
d6dd7330,7660,1467,0.19151436031331592,7659.0,6193.0,6193
d7ba4f9d,7771,1748,0.22493887530562348,7770.0,6023.0,6023
d7eb0be8,7208,1807,0.25069367369589346,7207.0,5401.0,5401
d84b621b,5746,1752,0.30490776192133656,5745.0,3994.0,3994
d90aa14c,12141,2123,0.17486203772341652,12140.0,10018.0,10018
d924e971,5308,2124,0.40015071590052753,5307.0,3184.0,3184
d9ae59b2,5150,1502,0.2916504854368932,5149.0,3648.0,3648
d9d6d94d,6660,1741,0.2614114114114114,6659.0,4919.0,4919
d9eca87b,7932,1559,0.1965456379223399,7931.0,6373.0,6373
da2d4d7c,3567,1453,0.40734510793383794,3566.0,2114.0,2114
da3bfe4e,7107,1558,0.21922048684395667,7106.0,5549.0,5549
da3cf798,7591,1747,0.2301409563957318,7590.0,5844.0,5844
da940160,6792,1660,0.24440518256772673,6791.0,5132.0,5132
dafc88c3,7187,1615,0.2247112842632531,7186.0,5572.0,5572
dbee6c86,9114,1745,0.1914636822470924,9113.0,7369.0,7369
dc5fbe29,6555,1352,0.20625476735316553,6554.0,5203.0,5203
dc7da28f,6672,1898,0.2844724220623501,6671.0,4774.0,4774
dc7f9757,6203,1843,0.2971142995324843,6202.0,4360.0,4360
dd168de0,5095,1791,0.35152109911678114,5094.0,3304.0,3304
dd64382d,5058,1934,0.38236457097667065,5057.0,3124.0,3124
dd6bc5b2,5764,2162,0.3750867453157529,5763.0,3602.0,3602
dd7d638e,6046,1745,0.2886205755871651,6045.0,4301.0,4301
ddc790ff,6468,1742,0.269325912183055,6467.0,4726.0,4726
df71d1ff,7879,1651,0.20954435842111943,7878.0,6228.0,6228
df73b8f3,7150,1839,0.2572027972027972,7149.0,5311.0,5311
df8290be,5675,1703,0.3000881057268722,5674.0,3972.0,3972
e0079ed1,5257,1786,0.339737492866654,5256.0,3471.0,3471
e03b45fd,7083,1741,0.2457998023436397,7082.0,5342.0,5342
e0f36d98,6714,1738,0.25886207923741433,6713.0,4976.0,4976
e149204f,7549,1452,0.1923433567359915,7548.0,6097.0,6097
e14d641e,4978,1794,0.3603856970670952,4977.0,3184.0,3184
e161bd0c,4813,1864,0.3872844379804696,4812.0,2949.0,2949
e201fd6d,6912,1842,0.2664930555555556,6911.0,5070.0,5070
e25f1537,5018,1841,0.36687923475488243,5017.0,3177.0,3177
e2fc7745,5343,1651,0.30900243309002434,5342.0,3692.0,3692
e32da4ec,6148,1459,0.23731294729993493,6147.0,4689.0,4689
e3b34f5b,7293,1838,0.252022487316605,7292.0,5455.0,5455
e45a2a62,6697,1690,0.2523517993131253,6696.0,5007.0,5007
e46f4ef4,8930,1735,0.1942889137737962,8929.0,7195.0,7195
e4726608,6268,1535,0.24489470325462667,6267.0,4733.0,4733
e5864244,6037,1568,0.2597316547954282,6036.0,4469.0,4469
e5c92e59,5927,1632,0.2753500927956808,5926.0,4295.0,4295
e5ff9fd2,4198,1844,0.43925678894711767,4197.0,2354.0,2354
e6c55748,5959,1487,0.24953851317335124,5958.0,4472.0,4472
e730c32b,6469,1741,0.2691296954707064,6468.0,4728.0,4728
e737965a,7694,1739,0.22602027553938134,7693.0,5955.0,5955
e748dd88,6264,1452,0.23180076628352492,6263.0,4812.0,4812
e7818f7a,6829,1458,0.21350124469175574,6828.0,5371.0,5371
e7c36e81,5655,2124,0.37559681697612735,5654.0,3531.0,3531
e7d0c1de,6455,1744,0.27017815646785437,6454.0,4711.0,4711
e85074c5,7236,1561,0.21572692095080154,7235.0,5675.0,5675
e97032ad,5654,2124,0.37566324725857797,5653.0,3530.0,3530
e9949a23,6407,1848,0.2884345247385672,6406.0,4559.0,4559
ea0b99b7,10939,1700,0.15540725843312916,10938.0,9239.0,9239
ea3a0e38,11794,1742,0.14770222146854334,11793.0,10052.0,10052
ea41324e,6839,1814,0.2652434566457084,6838.0,5025.0,5025
eabc711b,7314,1966,0.2687995624829095,7313.0,5348.0,5348
eac10e86,7501,1434,0.19117451006532463,7500.0,6067.0,6067
eafb863e,5317,1749,0.32894489373706975,5316.0,3568.0,3568
eb06a4e7,6379,1844,0.28907352249568896,6378.0,4535.0,4535
eb640a35,7782,1745,0.2242354150603958,7781.0,6037.0,6037
eb934281,7812,1841,0.235663082437276,7811.0,5971.0,5971
eba6605e,5719,1309,0.22888616891064872,5718.0,4410.0,4410
ebe69318,6718,1742,0.25930336409645727,6717.0,4976.0,4976
ec0d597b,6452,1836,0.2845629262244265,6451.0,4616.0,4616
ec13af42,7362,1900,0.2580820429231187,7361.0,5462.0,5462
ecdab904,8176,2029,0.24816536203522505,8175.0,6147.0,6147
ecdaf714,8240,1648,0.2,8239.0,6592.0,6592
ed6436d6,5027,2082,0.41416351700815596,5026.0,2945.0,2945
ed6e6e54,7385,1337,0.18104265402843603,7384.0,6048.0,6048
edf885a3,4863,1746,0.35903763109191855,4862.0,3117.0,3117
ee0300f7,6161,1617,0.26245739328031165,6160.0,4544.0,4544
ee288beb,6190,1552,0.2507269789983845,6189.0,4638.0,4638
ee4aecac,6596,1331,0.20178896300788357,6595.0,5265.0,5265
eeda36f5,6198,1401,0.2260406582768635,6197.0,4797.0,4797
eeed308d,5503,1604,0.29147737597673995,5502.0,3899.0,3899
ef04658e,5664,1560,0.2754237288135593,5663.0,4104.0,4104
ef8e3ed0,6637,1413,0.21289739340063282,6636.0,5224.0,5224
efde6ac3,6220,1661,0.2670418006430868,6219.0,4559.0,4559
efe96181,5464,1452,0.2657393850658858,5463.0,4012.0,4012
f0188a48,6139,1969,0.3207362762664929,6138.0,4170.0,4170
f021b650,5610,1871,0.3335115864527629,5609.0,3739.0,3739
f03f10fe,5823,1678,0.2881676111969775,5822.0,4145.0,4145
f053a1b9,5952,1844,0.30981182795698925,5951.0,4108.0,4108
f074d277,3868,1415,0.3658221302998966,3867.0,2453.0,2453
f07d7037,7688,2125,0.2764047866805411,7687.0,5563.0,5563
f08774c3,5645,1745,0.3091231178033658,5644.0,3900.0,3900
f140c2fa,6024,1942,0.32237715803452854,6023.0,4082.0,4082
f16e25e3,6585,1934,0.29369779802581625,6584.0,4651.0,4651
f2d4c8c9,7908,1659,0.2097875569044006,7907.0,6249.0,6249
f321a31c,6555,1414,0.21571319603356218,6554.0,5141.0,5141
f40cd091,6776,1610,0.23760330578512398,6775.0,5166.0,5166
f439a621,4695,1874,0.39914802981895636,4694.0,2821.0,2821
f49fdea3,7027,1636,0.23281628006261562,7026.0,5391.0,5391
f4d12d23,5448,1747,0.3206681350954479,5447.0,3701.0,3701
f56d3ace,7383,1951,0.26425572260598673,7382.0,5432.0,5432
f5859199,7438,1648,0.2215649368109707,7437.0,5790.0,5790
f5d8aab6,6576,2132,0.3242092457420925,6575.0,4444.0,4444
f631da6e,5604,1511,0.26962883654532477,5603.0,4093.0,4093
f6824bb0,6864,1849,0.2693764568764569,6863.0,5015.0,5015
f6bc699b,5501,1749,0.3179421923286675,5500.0,3752.0,3752
f6d009f4,8003,1288,0.16093964763213794,8002.0,6715.0,6715
f72b268f,7918,1514,0.19120990149027534,7917.0,6404.0,6404
f8662c22,6957,1528,0.2196349001006181,6956.0,5429.0,5429
f88ddb26,6585,1595,0.2422171602126044,6584.0,4990.0,4990
f8afa78a,7367,1335,0.18121351975023756,7366.0,6032.0,6032
f8f59188,6740,1933,0.28679525222551927,6739.0,4807.0,4807
f9fc81aa,7113,1515,0.21299029945170814,7112.0,5598.0,5598
fa16d114,6928,1242,0.17927251732101618,6927.0,5686.0,5686
fa31da94,6681,1654,0.24756772938182905,6680.0,5027.0,5027
fa667be2,8798,1502,0.17072061832234597,8797.0,7296.0,7296
fae0c593,6147,1744,0.2837156336424272,6146.0,4403.0,4403
fb03ae90,8129,1698,0.20888178127690982,8128.0,6431.0,6431
fb0904bd,5087,1906,0.37468055828582664,5086.0,3181.0,3181
fb3848a1,7859,1940,0.24685074436951265,7858.0,5919.0,5919
fb73b13a,7465,1825,0.24447421299397187,7464.0,5640.0,5640
fba7683c,2058,1651,0.8022351797862002,2057.0,407.0,407
fbd68d27,8552,1723,0.2014733395696913,8551.0,6829.0,6829
fc03f21f,6202,1399,0.2255723960012899,6201.0,4803.0,4803
fc0d20b2,5308,1354,0.2550866616428033,5307.0,3954.0,3954
fcfcc902,4665,1874,0.40171489817792067,4664.0,2791.0,2791
fd3b4faa,6956,1934,0.2780333525014376,6955.0,5022.0,5022
fd710aea,5960,1743,0.2924496644295302,5959.0,4217.0,4217
fd8f77fa,6756,1484,0.21965660153937241,6755.0,5272.0,5272
fde20ecf,6386,1719,0.26918258690886315,6385.0,4667.0,4667
fdfd57da,7364,2128,0.2889733840304182,7363.0,5236.0,5236
febb4411,6275,2028,0.3231872509960159,6274.0,4247.0,4247
fef8af96,5068,1242,0.24506708760852408,5067.0,3826.0,3826
ff0aea78,4976,1715,0.3446543408360129,4975.0,3261.0,3261
ff8bb73a,7670,1743,0.2272490221642764,7669.0,5927.0,5927
ffefef30,6421,1851,0.28827285469553027,6420.0,4570.0,4570
